bread,milk,eggs
bread,diapers,beer
milk,diapers,apples
bread,milk,diapers,beer
bread,milk,apples
milk,diapers
bread,milk,diapers
bread,diapers,beer
bread,milk,eggs,apples
milk,diapers,beer
bread,milk,diapers
bread,eggs
bread,beer,apples
milk,diapers,eggs
bread,milk,beer
bread,diapers,apples
milk,eggs
bread,milk,diapers,beer
bread,milk,apples
diapers,beer
bread,milk,butter,cheese
milk,eggs,bacon
bread,butter,jam
milk,cereal,bananas
bread,milk,diapers,chips
milk,diapers,juice
bread,milk,eggs,apples,bananas
bread,diapers,beer,chips
bread,milk,apples,cheese
milk,diapers,apples,juice
bread,milk,diapers,eggs
bread,butter,cheese
milk,eggs,cereal
bread,milk,diapers,beer,chips
bread,milk,apples,bananas
milk,diapers,juice,eggs
bread,milk,butter
bread,diapers,beer,cola
milk,diapers,apples,bananas
bread,milk,eggs,butter
milk,diapers,beer,juice
bread,milk,chips
milk,diapers,cereal
bread,milk,beer
milk,diapers,soap,shampoo
bread,milk,diapers,beer,chips
bread,butter,jam
milk,diapers,juice
bread,milk,apples
bread,eggs,cheese
milk,diapers,cereal,bananas
bread,milk,butter,diapers
milk,diapers,beer
bread,milk,eggs
bread,diapers,beer,chips
milk,diapers,apples,juice
bread,milk,diapers,eggs
bread,milk,apples,bananas
milk,diapers,soap
bread,milk,diapers,beer
bread,butter,jam
milk,eggs,cereal
bread,milk,diapers,chips
milk,diapers,juice,soap
bread,milk,apples
bread,diapers,beer
milk,diapers,apples
bread,milk,diapers,beer,chips
bread,butter,cheese
milk,eggs,bacon
bread,milk,diapers,eggs
milk,diapers,apples,juice
bread,milk,beer,bananas
milk,diapers,soap,shampoo
bread,milk,diapers,beer,chips
bread,butter,jam
milk,diapers,juice
bread,milk,apples
bread,eggs,cheese
milk,diapers,cereal,bananas
bread,milk,butter,diapers
milk,diapers,beer
bread,milk,eggs
bread,diapers,beer,chips
milk,diapers,apples,juice
bread,milk,diapers,eggs
bread,milk,apples,bananas
milk,diapers,soap
bread,milk,diapers,beer
bread,butter,jam
milk,eggs,cereal
bread,milk,diapers,chips
milk,diapers,juice,soap
bread,milk,apples
bread,diapers,beer
milk,diapers,apples
bread,milk,diapers,beer,chips
bread,butter,cheese
milk,eggs,bacon
bread,milk,diapers,eggs
milk,diapers,apples,juice
bread,milk,beer,bananas
milk,diapers,soap,shampoo
bread,milk,diapers,beer,chips
bread,butter,jam
milk,diapers,juice
bread,milk,apples
bread,eggs,cheese
milk,diapers,cereal,bananas
bread,milk,butter,diapers
milk,diapers,beer
bread,milk,eggs
bread,diapers,beer,chips
milk,diapers,apples,juice
bread,milk,diapers,eggs
bread,milk,apples,bananas
milk,diapers,soap
bread,milk,diapers,beer
bread,butter,jam
milk,eggs,cereal
bread,milk,diapers,chips
milk,diapers,juice,soap
bread,milk,apples
bread,diapers,beer
milk,diapers,apples
bread,milk,diapers,beer,chips
bread,butter,cheese
milk,eggs,bacon
bread,milk,diapers,eggs
milk,diapers,apples,juice
bread,milk,beer,bananas
milk,diapers,soap,shampoo
bread,milk,diapers,beer,chips
bread,butter,jam
milk,diapers,juice
bread,milk,apples
bread,eggs,cheese
milk,diapers,cereal,bananas
bread,milk,butter,diapers
milk,diapers,beer
bread,milk,eggs
bread,diapers,beer,chips
milk,diapers,apples,juice
bread,milk,diapers,eggs
bread,milk,apples,bananas
milk,diapers,soap
